workerid,anon_workerid
A2PIFMM4Q2I9ZS,0
A3OW5EFQ5QFD19,1
A1NLJ1L4VCQYV2,2
A15UCCTMGXN62R,3
A22KVJ5P63SM2J,4
AUVBOZ9P6PE49,5
AKSJ3C5O3V9RB,6
A1YZ0ETOCJO1B2,7
AEM718JL7V8J1,8
A1EITLFAMKA61U,9
A24ZP6TOKYBSQS,10
A2LAMCJLVCRQ4T,11
A141YARYU2HNQY,12
A2NBBQ3DKW5MV3,13
A3R3FXOXBUDG1X,14
A3774HPOUKYTX7,15
A1MN2PWAV10VAB,16
A1R5W4RQZTROD8,17
A12FTSX85NQ8N9,18
A1XVEKS9O73ERE,19
AXKVHJHF1EOVT,20
A173A97OFDAX9F,21
ARN6CGWU5FETT,22
A38DXFI1TZA295,23
AHKYVHP6591H8,24
