language,enjoyment,assess,age,gender,education,problems,fairprice,start_time,time_taken,phaseseed,own_stance,workerid,anon_workerid,own_stance_index
english,1,Yes,21,Female,3,no,2.00,1591146493274,4.6865,0,"[{'trial_type': 'own_stance', 'response': 0.91}, {'trial_type': 'own_stance', 'response': 0.96}, {'trial_type': 'own_stance', 'response': 0.08}, {'trial_type': 'own_stance', 'response': 0.79}]",A2PIFMM4Q2I9ZS,0,2.580000
English,1,Yes,32,Female,3,none,the price stated,1591146548951,4.280233333333333,1,"[{'trial_type': 'own_stance', 'response': 0.98}, {'trial_type': 'own_stance', 'response': 0.98}, {'trial_type': 'own_stance', 'response': 0.02}, {'trial_type': 'own_stance', 'response': 0.97}]",A3OW5EFQ5QFD19,1,2.910000
English,2,Yes,38,Male,1,Not that I encountered,2.00,1591147133432,7.0824,1,"[{'trial_type': 'own_stance', 'response': 0.91}, {'trial_type': 'own_stance', 'response': 1}, {'trial_type': 'own_stance', 'response': 0.04}, {'trial_type': 'own_stance', 'response': 1}]",A1NLJ1L4VCQYV2,2,2.870000
English,2,Yes,33,Male,0,"no, everything seemed ok.",2.00,1591147108127,7.9605,0,"[{'trial_type': 'own_stance', 'response': 0.89}, {'trial_type': 'own_stance', 'response': 0.95}, {'trial_type': 'own_stance', 'response': 0.1}, {'trial_type': 'own_stance', 'response': 0.97}]",A15UCCTMGXN62R,3,2.710000
english,0,Yes,26,Female,2,"Once a conclusion is made, scientists report their results in either",2,1591147979372,4.037533333333333,0,"[{'trial_type': 'own_stance', 'response': 0.51}, {'trial_type': 'own_stance', 'response': 0.19}, {'trial_type': 'own_stance', 'response': 0.25}, {'trial_type': 'own_stance', 'response': 0.29}]",AUVBOZ9P6PE49,5,0.740000
English,2,Yes,24,Female,4,no,3.00,1591148005058,5.2591,0,"[{'trial_type': 'own_stance', 'response': 1}, {'trial_type': 'own_stance', 'response': 0.96}, {'trial_type': 'own_stance', 'response': 0.02}, {'trial_type': 'own_stance', 'response': 0.93}]",AKSJ3C5O3V9RB,6,2.870000
English,2,Yes,36,Male,3,No problems.,2.00,1591148197740,5.95715,1,"[{'trial_type': 'own_stance', 'response': 0.95}, {'trial_type': 'own_stance', 'response': 1}, {'trial_type': 'own_stance', 'response': 0}, {'trial_type': 'own_stance', 'response': 0.93}]",A1YZ0ETOCJO1B2,7,2.880000
english,2,Yes,36,Male,3,no,2 dollars,1591148626321,7.821416666666667,0,"[{'trial_type': 'own_stance', 'response': 0.95}, {'trial_type': 'own_stance', 'response': 0.94}, {'trial_type': 'own_stance', 'response': 0.31}, {'trial_type': 'own_stance', 'response': 0.98}]",AEM718JL7V8J1,8,2.560000
english,2,Yes,36,Male,2,i ran into no problems,2.00,1591146512668,5.4795,0,"[{'trial_type': 'own_stance', 'response': 0.8}, {'trial_type': 'own_stance', 'response': 0.94}, {'trial_type': 'own_stance', 'response': 0.49}, {'trial_type': 'own_stance', 'response': 0.93}]",A1EITLFAMKA61U,9,2.180000
english,2,Yes,22,Male,3,no issues,2,1591146662180,4.1219,1,"[{'trial_type': 'own_stance', 'response': 0.65}, {'trial_type': 'own_stance', 'response': 0.32}, {'trial_type': 'own_stance', 'response': 0.67}, {'trial_type': 'own_stance', 'response': 0.82}]",A24ZP6TOKYBSQS,10,1.120000
English,2,Yes,33,Female,1,I noticed no problems during the experiment.,$2.00,1591147115953,6.702616666666667,1,"[{'trial_type': 'own_stance', 'response': 0.92}, {'trial_type': 'own_stance', 'response': 0.86}, {'trial_type': 'own_stance', 'response': 0.47}, {'trial_type': 'own_stance', 'response': 0.91}]",A2LAMCJLVCRQ4T,11,2.220000
english,2,Yes,26,Male,2,no,NA,1591147691227,7.7426,0,"[{'trial_type': 'own_stance', 'response': 0.79}, {'trial_type': 'own_stance', 'response': 0.66}, {'trial_type': 'own_stance', 'response': 0.5}, {'trial_type': 'own_stance', 'response': 0.75}]",A141YARYU2HNQY,12,1.700000
english,1,Yes,38,Male,3,NONE,2,1591147825766,5.649616666666667,0,"[{'trial_type': 'own_stance', 'response': 0.54}, {'trial_type': 'own_stance', 'response': 0.24}, {'trial_type': 'own_stance', 'response': 0.65}, {'trial_type': 'own_stance', 'response': 0.62}]",A2NBBQ3DKW5MV3,13,0.750000
english,2,Yes,31,Female,3,NA,NA,1591148683791,3.821083333333333,1,"[{'trial_type': 'own_stance', 'response': 0.83}, {'trial_type': 'own_stance', 'response': 0.79}, {'trial_type': 'own_stance', 'response': 0.75}, {'trial_type': 'own_stance', 'response': 0.83}]",A3R3FXOXBUDG1X,14,1.700000
English,2,Yes,36,Male,3,none,2.00,1591148794424,4.5498,1,"[{'trial_type': 'own_stance', 'response': 0.93}, {'trial_type': 'own_stance', 'response': 0.95}, {'trial_type': 'own_stance', 'response': 0.4}, {'trial_type': 'own_stance', 'response': 0.97}]",A3774HPOUKYTX7,15,2.450000
English,1,Yes,34,Female,1,NA,2.00,1591149095929,4.25935,0,"[{'trial_type': 'own_stance', 'response': 0.98}, {'trial_type': 'own_stance', 'response': 1}, {'trial_type': 'own_stance', 'response': 0.02}, {'trial_type': 'own_stance', 'response': 0.93}]",A1MN2PWAV10VAB,16,2.890000
English,2,Yes,39,Male,3,"No, everything was fine",2.00,1591149261444,4.389383333333333,1,"[{'trial_type': 'own_stance', 'response': 1}, {'trial_type': 'own_stance', 'response': 1}, {'trial_type': 'own_stance', 'response': 0}, {'trial_type': 'own_stance', 'response': 1}]",A1R5W4RQZTROD8,17,3.000000
English,1,Yes,28,Male,3,No problems or bugs :),1.00,1591146494402,4.894983333333333,0,"[{'trial_type': 'own_stance', 'response': 0.98}, {'trial_type': 'own_stance', 'response': 0.96}, {'trial_type': 'own_stance', 'response': 0.03}, {'trial_type': 'own_stance', 'response': 0.98}]",A12FTSX85NQ8N9,18,2.890000
English,2,Yes,39,Female,3,no,2,1591146577687,4.97825,0,"[{'trial_type': 'own_stance', 'response': 0.91}, {'trial_type': 'own_stance', 'response': 0.84}, {'trial_type': 'own_stance', 'response': 0.52}, {'trial_type': 'own_stance', 'response': 0.88}]",A1XVEKS9O73ERE,19,2.110000
Englsih,1,Yes,42,Male,2,none,2,1591146595900,6.433183333333333,1,"[{'trial_type': 'own_stance', 'response': 0.92}, {'trial_type': 'own_stance', 'response': 0.49}, {'trial_type': 'own_stance', 'response': 0.71}, {'trial_type': 'own_stance', 'response': 0.9}]",AXKVHJHF1EOVT,20,1.600000
English,2,Yes,25,Female,3,none,2,1591147887964,4.386166666666667,0,"[{'trial_type': 'own_stance', 'response': 0.78}, {'trial_type': 'own_stance', 'response': 0.94}, {'trial_type': 'own_stance', 'response': 0.01}, {'trial_type': 'own_stance', 'response': 0.98}]",A173A97OFDAX9F,21,2.690000
english,1,Yes,33,Female,3,NA,NA,1591148380806,4.722216666666666,0,"[{'trial_type': 'own_stance', 'response': 0.12}, {'trial_type': 'own_stance', 'response': 0.16}, {'trial_type': 'own_stance', 'response': 0.72}, {'trial_type': 'own_stance', 'response': 0.87}]",ARN6CGWU5FETT,22,0.430000
english,2,Yes,55,Male,2,no,2,1591148446533,5.94765,0,"[{'trial_type': 'own_stance', 'response': 0.95}, {'trial_type': 'own_stance', 'response': 0.96}, {'trial_type': 'own_stance', 'response': 0.28}, {'trial_type': 'own_stance', 'response': 0.92}]",A38DXFI1TZA295,23,2.550000
English,2,Yes,30,Male,3,No,2.50,1591149543225,6.662466666666667,0,"[{'trial_type': 'own_stance', 'response': 0.99}, {'trial_type': 'own_stance', 'response': 0.98}, {'trial_type': 'own_stance', 'response': 0}, {'trial_type': 'own_stance', 'response': 0.99}]",AHKYVHP6591H8,24,2.960000
